{"schemaVersion":"1.0","appDefinitionTemplate":{"id":"/providers/Microsoft.PowerApps/apps/","type":"Microsoft.PowerApps/apps","tags":{"primaryDeviceWidth":"1366","primaryDeviceHeight":"768","sienaVersion":"20200328T125821Z-3.20023.4.0","deviceCapabilities":"","supportsPortrait":"false","supportsLandscape":"true","primaryFormFactor":"Tablet","publisherVersion":"3.20023.4","minimumRequiredApiVersion":"2.2.0","hasComponent":"false","hasUnlockedComponent":"false"},"properties":{"appVersion":"2020-03-28T12:58:21Z","lifeCycleId":"Published","createdByClientVersion":{"major":3,"minor":20023,"build":4,"revision":0,"majorRevision":0,"minorRevision":0},"minClientVersion":{"major":3,"minor":20023,"build":4,"revision":0,"majorRevision":0,"minorRevision":0},"backgroundColor":"rgba(126, 115, 95, 1)","backgroundImageUri":"/2251572833039365210/Nfb5d592e-b3f9-4a11-ad34-beaa62605dc6-logoSmallFile","displayName":"Shakespeare","description":"","commitMessage":"Updated Shakespeare Photo","appUris":{"documentUri":{"value":"/2251572833039365210/N8a3fb8d0-d3f8-4df2-981f-558873106538-document.msapp","readonlyValue":"/2251572833039365210/N8a3fb8d0-d3f8-4df2-981f-558873106538-document.msapp"},"imageUris":[]},"createdTime":"0001-01-01T00:00:00Z","lastModifiedTime":"0001-01-01T00:00:00Z","sharedGroupsCount":0,"sharedUsersCount":0,"icons":{"smallIconUri":"/2251572833039365210/N9c0c6c28-096d-49bb-bdb8-7b4c7ad6be21-small.png","mediumIconUri":"/2251572833039365210/N74a23c1c-67ed-48aa-91f0-4d66375686cc-medium.png","largeIconUri":"/2251572833039365210/Ndeefae11-9b4f-47b1-894c-eccd0abb4c5c-large.png","wideIconUri":"/2251572833039365210/Nbb7097bd-857f-462b-bbaa-33d31ddb17be-wide.png"},"connectionReferences":{},"databaseReferences":{},"almMode":"Solution","performanceOptimizationEnabled":false},"isAppComponentLibrary":false,"appType":"ClassicCanvasApp","appComponents":[]}}